{
  "project_info": {
    "project_number": "815200623749",
    "firebase_url": "https://parking-ekhane.firebaseio.com",
    "project_id": "parking-ekhane",
    "storage_bucket": "parking-ekhane.appspot.com"
  },
  "client": [
    {
      "client_info": {
        "mobilesdk_app_id": "1:815200623749:android:60407dbff4b481b5",
        "android_client_info": {
          "package_name": "com.hridoy.parking_ekhane"
        }
      },
      "oauth_client": [
        {
          "client_id": "815200623749-nsk14bm2e9sahr3611s3t76kohasc8et.apps.googleusercontent.com",
          "client_type": 1,
          "android_info": {
            "package_name": "com.hridoy.parking_ekhane",
            "certificate_hash": "dcddda377d7d12f173f13af24dd87f47b12e29cf"
          }
        },
        {
          "client_id": "815200623749-qldtb9mb920bfcqi0004cnenfbu2t94t.apps.googleusercontent.com",
          "client_type": 3
        }
      ],
      "api_key": [
        {
          "current_key": "AIzaSyBPg8wl2OTF2HYxjl2QuHCBuKTGHUWfyaA"
        }
      ],
      "services": {
        "appinvite_service": {
          "other_platform_oauth_client": [
            {
              "client_id": "815200623749-qldtb9mb920bfcqi0004cnenfbu2t94t.apps.googleusercontent.com",
              "client_type": 3
            }
          ]
        }
      }
    }
  ],
  "configuration_version": "1"
}